Metric,Value,Formatted_Value
MAE,1726.032574175469,1726.03 MW
RMSE,2337.699277265202,2337.70 MW
MAPE,6.101911531849684,6.1019
SMAPE,6.033305502256549,6.0333
R2,0.21363591366522972,0.2136
Directional_Accuracy,64.72602739726028,64.7260
